<?xml version="1.0" encoding="UTF-8"?>
<!-- DO NOT EDIT THIS FILE: Some changes can lead to a crash of Polyspace products -->
<polyspace_checkers_selection xmlns:xsi="http://www.w3.org/2001/XMLSchema-instance" xsi:noNamespaceSchemaLocation="selection_schema.xsd" revision="2.0">
  <standard name="Bug Finder Findings" state="off"/>
  <standard name="MISRA C:2004" state="off"/>
  <standard name="MISRA AC AGC" state="off"/>
  <standard name="MISRA C:2012" state="off"/>
  <standard name="MISRA C++:2008" state="on"/>
  <standard name="JSF AV C++" state="off"/>
  <standard name="SEI CERT C" state="off"/>
  <standard name="SEI CERT C++" state="off"/>
  <standard name="ISO/IEC TS 17961" state="off"/>
  <standard name="AUTOSAR C++14" state="off"/>
  <standard name="Guidelines" state="off"/>
  <standard name="CUSTOM RULES" state="off"/>
</polyspace_checkers_selection>
